{"scores": {"1660280823.9523063": 10.650241136550903, "1660308260.7298384": 5.6845057010650635, "1660308353.0035832": 5.421527862548828, "1660308410.4850652": 17.41311526298523, "1660309059.634887": 9.242559432983398, "1660309128.7508385": 15.166986227035522, "1660309241.395642": 6.88960075378418}}